Feature_1,Feature_2,Feature_3,Feature_4,Feature_5
0.029654940797728235,0.011428526824066254,0.33184400023449434,0.06143107860529495,0.5981735080564744
0.8859202535226233,0.4121337753639407,0.03827219890219569,0.08084240379080565,0.08191454230184858
0.8093673338215349,0.8006940028849979,0.016909811354707704,0.8612943252306178,0.9113002243524484
0.40087668463516213,0.28689069833770775,0.8430448852638386,0.6170445529774164,0.1405987267853942
0.2287556137159159,0.841497971175196,0.8443584735081981,0.22014599338063867,0.811137639752162
0.5359535338891156,0.6104284489824332,0.5238698831262817,0.6396291484955626,0.005156348033917069
0.024738783415619525,0.6900263853157124,0.1715930195622134,0.6939306736886565,0.2852656231218128
0.05510592078168841,0.5822229025860094,0.2958187265655955,0.32281613557530464,0.9669893878549964
0.19493466478308674,0.34739650514561404,0.1040140651107091,0.40178185247448894,0.09284764508729115
0.5048438064616992,0.7425907409447408,0.005290509169382895,0.09016116884502079,0.05618398091194032
0.8843256633664335,0.9855858566528506,0.5201746856274987,0.19841742953279573,0.9333483160830192
0.6545982033421369,0.791791747160087,0.511215678611379,0.7882118923792203,0.33479673167486723
0.11325313441738971,0.9048139767028247,0.004223913508407007,0.07350388060676039,0.13229136395536234
0.9421499192747,0.3029296862426224,0.2133130511803032,0.2556625525155257,0.09592006679437992
0.4017978829990967,0.7310276403556994,0.6482099352415909,0.250845580834519,0.22743891395182814
0.49581615834046866,0.8647649667829787,0.6340637531228465,0.7544924749082648,0.4371231912677318
0.4002120902427818,0.7229163139452544,0.3723685794123146,0.5525980303993004,0.08046361735719143
0.594275567103534,0.2809214669332072,0.7424475863144008,0.2988271966526831,0.7575366841711616
0.22636013801884003,0.0044076449230693315,0.13978028098719586,0.29576370224015924,0.19559381625075667
0.5488820378428916,0.2099921700900459,0.7784921702787021,0.4846799030422758,0.6393403927232835
0.16769630743472275,0.9246826037822882,0.7173399513633042,0.15481361149816686,0.7236336058193933
0.1864099258251244,0.8296645652434765,0.19664176333975436,0.9613006691117159,0.5475975848164579
0.22286359973606018,0.21272669051414417,0.6279879624064401,0.633276129149952,0.3032790372858618
0.8163677514534665,0.41905671700889435,0.8138582852339901,0.26521517056103106,0.9834254714034867
0.8723053226599075,0.44852458936494555,0.33538450984738344,0.029706053983398317,0.9909367486495766
0.6809495248305892,0.18915818640159343,0.0450455494971731,0.013139545362499061,0.6618106166295956
0.10751234469652782,0.309957639304688,0.30794744829381004,0.11747222616483843,0.9469314207950004
0.977390549235605,0.9044792542687089,0.7961801494650353,0.06542942286782805,0.7170386259969244
0.4559104342797371,0.15148371295050145,0.64672019512236,0.02923457187959755,0.7535208725100521
0.8897329460901544,0.010380039277155584,0.3274278428066417,0.828491091472489,0.11259759396041913
0.024695737913711602,0.8143535288722658,0.2489052719751651,0.24919659562913243,0.15823680006023388
0.2760559485572227,0.42871034557366794,0.2584218054044709,0.366947042105522,0.349295593297441
0.33303578043732596,0.30336719777517984,0.31512728615391017,0.2702251773919264,0.9002946187524032
0.966974203293783,0.8966985473416658,0.3732753797966627,0.6482792162720238,0.3114418154612556
0.8099721019217031,0.8047728967088161,0.7944176886703367,0.11143517283136029,0.8115981436332995
0.7795523385965585,0.885080155097639,0.3224210518232872,0.10716543173998427,0.16124975726807989
0.672786361462869,0.7141498933545607,0.23723420298054942,0.8057173684799351,0.9182962973982041
0.9846218462188032,0.9970471450204329,0.5159239606629441,0.7000843086171844,0.07655877521919541
0.9011414967516501,0.8135826471117177,0.3590617132505789,0.9757037370929743,0.38598609699619557
0.01620939199104432,0.018674455363305253,0.5441395433621551,0.44314631723327513,0.02570014744707827
0.368304514558738,0.42032050791090325,0.4054039612521759,0.9980776646486923,0.15667537544190058
0.43695890679381943,0.27023265430982446,0.9689634365996631,0.5898090415158255,0.7041864241408338
0.6499366722126736,0.7554070833545398,0.8853142710276725,0.2530527347954249,0.22799380651608903
0.6026417082776404,0.23616416042627664,0.7309863003941185,0.6639989175927695,0.2392749202329082
0.18591472955295318,0.31277571604355603,0.36632896636726586,0.5899067902122352,0.7592389399123937
0.32235077827544445,0.502022145104887,0.5838310652976203,0.2666008825731919,0.713846644545666
0.4572711070486637,0.6502313723923658,0.5026688385190886,0.43139356541715,0.7177664610879491
0.012360842571165431,0.08029437505532744,0.5763729453488462,0.813621716473204,0.5615362336483851
0.6035916961612696,0.2205808252164121,0.9195410426141131,0.20550070040934887,0.688338564596957
0.3752098217129797,0.2115290267782305,0.8209913422120398,0.11457443808560841,0.773050694280877
0.4830605180582771,0.9497097563140352,0.5497037162982481,0.5244262091703298,0.8735848104416325
0.646725820158072,0.32923076971827625,0.010449319729087692,0.13709540824039446,0.770317912384969
0.8330666167054226,0.6646796550735621,0.5755562044271939,0.9084481053516957,0.7143751515210081
0.4819000188772987,0.7073898899099137,0.6393729219984777,0.024939445440350982,0.8030740722448462
0.7463487173472968,0.38706935286873745,0.5863209820164104,0.23635683552876974,0.9886302119030287
0.5887823304656115,0.19907788451463437,0.9901677425951613,0.8531013937258002,0.3441210337303031
0.6570410383868319,0.9330603851526195,0.5590763503622822,0.6171050774113157,0.46898920474775607
0.994829766221169,0.9334737092152958,0.028255412388210388,0.4483929398895393,0.339975911825939
0.1557623452305914,0.2956446936648076,0.7172501940645406,0.4870095286898033,0.30829788618741905
0.9199486982636281,0.6957540009945254,0.27671945047552615,0.7931538941794459,0.9986391120657998
0.7043004302256007,0.47482912579337977,0.7954633498396202,0.5325061124397573,0.574632911692479
0.9662299802235342,0.9426874804292175,0.5892652894779268,0.2295584237041064,0.49535486919234273
0.43565498286437543,0.33097052017618167,0.6037500670232953,0.09468638146306974,0.11575757718898316
0.9696883321348269,0.9528947275526201,0.3800014145294295,0.9875759548452343,0.7182306450921885
0.9242317085892221,0.3318044812709412,0.8426055292261413,0.6049224057992506,0.8418139823787437
0.0878369290597415,0.3504948614782295,0.42919598211444454,0.8026482835613491,0.2420697548611681
0.0033322772919091026,0.3886563451073852,0.9215931319496566,0.1526238758077414,0.749994459623443
0.9474836190516686,0.2507770155656568,0.1574392594796008,0.34305533571646807,0.2923205418355934
0.2704131767581479,0.4744876227594702,0.5586037964227293,0.006347476001110741,0.8434576971052345
0.13603392792337743,0.7624420374753139,0.08243690470409959,0.763761153364984,0.3633931936773135
0.241745862110487,0.758625483039149,0.055819149536616375,0.44877361511359204,0.9008256383327532
0.9072852358789412,0.468881293183638,0.8310449656508918,0.6678914318545452,0.2617140506087471
0.35755840569708597,0.9276189989088249,0.8821012380772483,0.9576279927537044,0.22119528649355513
0.15085713741486573,0.12322318180711189,0.4779679546181437,0.25742220251992387,0.9464418322439493
0.4909424621118489,0.7208912195238542,0.9962322660739507,0.43533776323883855,0.021464328280912603
0.015101580588801289,0.4716963821413963,0.6380396395660042,0.10554754374241415,0.21965756983369356
0.7349374715928855,0.7131278653062647,0.9603874411608422,0.7313319921709864,0.8400464200610347
0.5942567718918943,0.6819923645474909,0.7108151819484294,0.1756086825292481,0.3818892264503654
0.39877587789472135,0.3871422778639042,0.18732006765193376,0.42338466389086193,0.7379784022664586
0.9901201285264503,0.06883631042351934,0.8524458513130413,0.7847495669454642,0.4793364790425151
0.2975398248045932,0.4832935210264835,0.3928910553212097,0.8996944797582809,0.2800125195754294
0.09461643872180725,0.5045095661759922,0.1777668022757236,0.23142416909963948,0.6977504707515315
0.8851907855493335,0.8964175130705005,0.8068185578640387,0.7870374263456895,0.8115371477991413
0.32456204719687043,0.6208359585628048,0.18159118615953085,0.8526460585286665,0.9578372219957907
0.25259334926339705,0.06943364972012178,0.7294520559851257,0.9170551838682613,0.8434582647629155
0.01306861337314913,0.4308811013857987,0.3954035932301112,0.4214124248108002,0.1402354961897605
0.7612384930199895,0.6924582984485033,0.6118274905625102,0.9289101150237433,0.7154183825624773
0.3230734166532758,0.8160447201070553,0.9470303629320977,0.16134465789647712,0.528978522535055
0.7793405687788637,0.35782635935536344,0.36869416094740337,0.7011729025692875,0.5530864171670206
0.6227455940690618,0.20527674341921576,0.643186558812475,0.49611844132635763,0.6569378460971378
0.29300880113941585,0.14126333075681263,0.8367461790502267,0.11316803917667118,0.11198336549529098
0.45891260580154136,0.41496439996393775,0.945426537380279,0.4121363282951893,0.32580931380394784
0.3214651055206573,0.24921560884533678,0.7389258786108156,0.029045069568049642,0.6483460942903583
0.06502920361422193,0.24019292497954958,0.09044661841120538,0.7609648782115683,0.215326974913587
0.6805099195535821,0.4748674293207318,0.9308159224933445,0.15796901892179882,0.48123372171929335
0.09109310508025259,0.17645768747481172,0.07362796696187168,0.34399329395805656,0.6769927850435898
0.27763892690350545,0.3104671690237111,0.05446100051600278,0.3025826095486641,0.8552415488703948
0.567846447539342,0.970075122692376,0.6919304613653527,0.13269770691216132,0.16036721858611158
0.3909555626018725,0.1728437883864976,0.02700308033204757,0.22909131492607426,0.4019586177696851
0.5155887276043664,0.21015325230810822,0.16511257800865242,0.6899479852479291,0.09518927820839873
0.34832991985182593,0.8089628600489587,0.45963718782542473,0.6261243048191758,0.20364683085153745
0.09367540477537306,0.9755259672661387,0.3673438283352697,0.5762839679431597,0.2459320679546172
0.992458694744705,0.5662711282772745,0.5167864455272888,0.8814339679725216,0.011913395629944978
0.73024320970152,0.3187796828793811,0.6500025791733545,0.8253221089727125,0.4342380120561481
0.15683868891037522,0.4773599042993508,0.33000787471480464,0.24054140757365972,0.607957310095271
0.21397461800825035,0.4836832529283751,0.4440785771625574,0.3647979523539372,0.36308406394227044
0.21404950758183616,0.36811953573544476,0.15420979571680848,0.7091867671879617,0.8245692241181685
0.28601877391422614,0.7053682579186311,0.9436051798229766,0.13564080650832278,0.49162020823877484
0.6575486409921484,0.5224264019283387,0.1304045608362886,0.40313708114722413,0.4123952289574855
0.4308186558945438,0.11908643991366652,0.2579691080534129,0.47102938170577524,0.878796734322898
